{
    "fold": 2,
    "overall_survival_classification_metrics": {
        "accuracy": 0.345679012345679,
        "precision": 0.6666666666666666,
        "recall": 0.037037037037037035,
        "specificity": 0.9629629629629629,
        "f1_score": 0.07017543859649122,
        "roc_auc": 0.5329218106995884
    },
    "early_response_classification_metrics": {
        "accuracy": 0.5925925925925926,
        "precision": 0.0,
        "recall": 0.0,
        "specificity": 1.0,
        "f1_score": 0.0,
        "roc_auc": 0.3440656565656566
    },
    "best_checkpoint": "Results/mil_shape_boundary_firstorder_glcm_glszm_glrlm/fold_2/checkpoints/best.ckpt",
    "used_features": [
        "shape",
        "boundary",
        "firstorder",
        "glcm",
        "glszm_glrlm"
    ],
    "overall_survival": {
        "y_true": [
            1,
            1,
            1,
            1,
            1,
            1,
            1,
            1,
            0,
            1,
            1,
            1,
            0,
            1,
            1,
            0,
            0,
            1,
            0,
            1,
            1,
            1,
            1,
            0,
            0,
            1,
            1,
            1,
            1,
            0,
            0,
            1,
            0,
            1,
            0,
            0,
            1,
            0,
            0,
            0,
            1,
            1,
            1,
            1,
            1,
            1,
            1,
            0,
            0,
            1,
            1,
            1,
            0,
            1,
            1,
            1,
            0,
            1,
            0,
            0,
            1,
            1,
            1,
            1,
            1,
            1,
            1,
            1,
            0,
            1,
            0,
            0,
            1,
            1,
            1,
            0,
            0,
            1,
            1,
            1,
            0
        ],
        "y_pred": [
            0,
            0,
            0,
            0,
            0,
            0,
            0,
            0,
            0,
            0,
            0,
            0,
            0,
            0,
            0,
            0,
            0,
            0,
            1,
            0,
            0,
            0,
            0,
            0,
            0,
            0,
            0,
            0,
            0,
            0,
            0,
            0,
            0,
            0,
            0,
            0,
            0,
            0,
            0,
            0,
            0,
            0,
            1,
            0,
            0,
            0,
            0,
            0,
            0,
            0,
            1,
            0,
            0,
            0,
            0,
            0,
            0,
            0,
            0,
            0,
            0,
            0,
            0,
            0,
            0,
            0,
            0,
            0,
            0,
            0,
            0,
            0,
            0,
            0,
            0,
            0,
            0,
            0,
            0,
            0,
            0
        ],
        "y_prob": [
            0.32120585441589355,
            0.3072223365306854,
            0.18061427772045135,
            0.18540716171264648,
            0.2812216579914093,
            0.25615376234054565,
            0.22219610214233398,
            0.3231944739818573,
            0.36674022674560547,
            0.2997649908065796,
            0.22594276070594788,
            0.39054247736930847,
            0.3643735647201538,
            0.37987062335014343,
            0.38983243703842163,
            0.32254162430763245,
            0.36544251441955566,
            0.27668675780296326,
            1.0,
            0.4918596148490906,
            0.191365048289299,
            0.24139240384101868,
            0.29717063903808594,
            0.14428386092185974,
            0.23459503054618835,
            0.27571234107017517,
            0.3266442120075226,
            0.2630305588245392,
            0.2712382972240448,
            0.23801805078983307,
            0.18124108016490936,
            0.2146535962820053,
            0.23430101573467255,
            0.42121461033821106,
            0.21834290027618408,
            0.36938464641571045,
            0.311174213886261,
            0.2566448748111725,
            0.24949422478675842,
            0.3806379437446594,
            0.25537538528442383,
            0.2523459494113922,
            0.5331270694732666,
            0.1999390870332718,
            0.32182154059410095,
            0.35420867800712585,
            0.36486291885375977,
            0.44344210624694824,
            0.38092097640037537,
            0.32218676805496216,
            0.5038053393363953,
            0.18137572705745697,
            0.20190848410129547,
            0.20168493688106537,
            0.22224506735801697,
            0.21599063277244568,
            0.17476078867912292,
            0.22041448950767517,
            0.27958589792251587,
            0.43918442726135254,
            0.255300372838974,
            0.30189332365989685,
            0.26527589559555054,
            0.3843368589878082,
            0.17848539352416992,
            0.3416149318218231,
            0.39546239376068115,
            0.44064316153526306,
            0.2216741144657135,
            0.30044010281562805,
            0.20655319094657898,
            0.18494552373886108,
            0.3232399523258209,
            0.2944079339504242,
            0.1847836971282959,
            0.3173399567604065,
            0.3439764678478241,
            0.316921204328537,
            0.24138988554477692,
            0.28247490525245667,
            0.16668318212032318
        ]
    },
    "early_response": {
        "y_true": [
            0,
            0,
            1,
            1,
            0,
            1,
            1,
            0,
            0,
            0,
            0,
            1,
            0,
            0,
            0,
            1,
            1,
            0,
            0,
            0,
            1,
            0,
            0,
            1,
            1,
            1,
            1,
            0,
            1,
            0,
            0,
            1,
            0,
            0,
            0,
            0,
            1,
            0,
            0,
            0,
            0,
            0,
            0,
            1,
            0,
            0,
            0,
            0,
            1,
            0,
            0,
            1,
            0,
            1,
            0,
            1,
            0,
            0,
            0,
            0,
            0,
            1,
            1,
            1,
            1,
            1,
            1,
            0,
            1,
            1,
            0,
            0,
            1,
            1,
            0,
            0,
            0,
            1,
            0,
            1,
            1
        ],