{
    "fold": 4,
    "overall_survival_classification_metrics": {
        "accuracy": 0.47560975609756095,
        "precision": 0.5,
        "recall": 0.06976744186046512,
        "specificity": 0.9230769230769231,
        "f1_score": 0.12244897959183673,
        "roc_auc": 0.5020870602265951
    },
    "early_response_classification_metrics": {
        "accuracy": 0.6829268292682927,
        "precision": 1.0,
        "recall": 0.037037037037037035,
        "specificity": 1.0,
        "f1_score": 0.07142857142857142,
        "roc_auc": 0.5569023569023569
    },
    "best_checkpoint": "Results/mil_shape_boundary_firstorder_glcm_glszm_glrlm/fold_4/checkpoints/best.ckpt",
    "used_features": [
        "shape",
        "boundary",
        "firstorder",
        "glcm",
        "glszm_glrlm"
    ],
    "overall_survival": {
        "y_true": [
            0,
            1,
            0,
            1,
            0,
            1,
            1,
            0,
            0,
            0,
            1,
            0,
            1,
            0,
            0,
            1,
            1,
            1,
            0,
            0,
            1,
            1,
            0,
            0,
            1,
            0,
            1,
            1,
            1,
            0,
            1,
            1,
            1,
            0,
            1,
            0,
            1,
            1,
            0,
            1,
            0,
            1,
            0,
            0,
            0,
            0,
            1,
            0,
            1,
            1,
            1,
            0,
            1,
            1,
            1,
            1,
            0,
            0,
            1,
            0,
            1,
            0,
            1,
            0,
            1,
            0,
            1,
            1,
            0,
            1,
            1,
            0,
            1,
            0,
            1,
            1,
            0,
            0,
            1,
            0,
            0,
            0
        ],
        "y_pred": [
            0,
            0,
            0,
            0,
            0,
            0,
            1,
            0,
            0,
            0,
            0,
            0,
            0,
            0,
            0,
            0,
            0,
            0,
            0,
            0,
            0,
            0,
            1,
            0,
            0,
            0,
            0,
            0,
            0,
            0,
            0,
            0,
            0,
            0,
            0,
            0,
            0,
            0,
            0,
            0,
            0,
            0,
            0,
            0,
            0,
            0,
            0,
            0,
            0,
            0,
            0,
            1,
            0,
            1,
            0,
            0,
            0,
            0,
            0,
            0,
            0,
            1,
            0,
            0,
            0,
            0,
            0,
            0,
            0,
            0,
            0,
            0,
            0,
            0,
            0,
            1,
            0,
            0,
            0,
            0,
            0,
            0
        ],
        "y_prob": [
            0.3287608325481415,
            0.42451032996177673,
            0.33634063601493835,
            0.32201164960861206,
            0.4845152199268341,
            0.4384559392929077,
            0.5261237621307373,
            0.3715340793132782,
            0.3061155378818512,
            0.39982184767723083,
            0.44048795104026794,
            0.3432597517967224,
            0.33816877007484436,
            0.4318496584892273,
            0.44222626090049744,
            0.32260310649871826,
            0.3937174379825592,
            0.38862672448158264,
            0.3460278809070587,
            0.3375316560268402,
            0.34274378418922424,
            0.3495430648326874,
            0.5108129382133484,
            0.40612369775772095,
            0.4611457288265228,
            0.4617944359779358,
            0.3831760883331299,
            0.3977058231830597,
            0.3333941102027893,
            0.3063238561153412,
            0.38416826725006104,
            0.4118900001049042,
            0.3214957118034363,
            0.36241912841796875,
            0.38066959381103516,
            0.3369327783584595,
            0.4500366449356079,
            0.2876245975494385,
            0.33561253547668457,
            0.4831610321998596,
            0.3992975056171417,
            0.4155522882938385,
            0.39308786392211914,
            0.4504445791244507,
            0.4007658064365387,
            0.4313383996486664,
            0.38764283061027527,
            0.35327234864234924,
            0.3957357704639435,
            0.47225672006607056,
            0.4100101888179779,
            0.5002521276473999,
            0.33736932277679443,
            0.5005942583084106,
            0.37567248940467834,
            0.4257758557796478,
            0.44697824120521545,
            0.4036288857460022,
            0.34901896119117737,
            0.44383931159973145,
            0.36823365092277527,
            0.5016059875488281,
            0.4052034318447113,
            0.3744565546512604,
            0.3683045208454132,
            0.44106289744377136,
            0.32978513836860657,
            0.3956543207168579,
            0.30041730403900146,
            0.3903958797454834,
            0.449334979057312,
            0.3070860207080841,
            0.4285097122192383,
            0.41615843772888184,
            0.3915691673755646,
            0.5075470209121704,
            0.4194681644439697,
            0.43306678533554077,
            0.3145807087421417,
            0.2981047034263611,
            0.39282193779945374,
            0.36363670229911804
        ]
    },
    "early_response": {
        "y_true": [
            0,
            0,
            0,
            1,
            1,
            1,
            1,
            1,
            0,
            1,
            0,
            0,
            0,
            0,
            0,
            1,
            0,
            0,
            1,
            0,
            0,
            1,
            0,
            0,
            1,
            1,
            0,
            0,
            1,
            0,
            1,
            0,
            0,
            1,
            1,
            0,
            0,
            0,
            1,
            1,
            0,
            0,
            0,
            1,
            0,
            1,
            0,
            0,
            0,
            0,
            0,
            0,
            1,
            0,
            0,
            1,
            0,
            0,
            0,
            0,
            0,
            1,
            0,
            1,
            0,
            0,
            0,
            0,
            0,
            0,
            0,
            0,
            0,
            0,
            0,
            1,
            1,
            0,
            0,
            1,
            1,
            0
        ],