{
    "fold": 3,
    "overall_survival_classification_metrics": {
        "accuracy": 0.4878048780487805,
        "precision": 0.7142857142857143,
        "recall": 0.20833333333333334,
        "specificity": 0.8823529411764706,
        "f1_score": 0.3225806451612903,
        "roc_auc": 0.5349264705882353
    },
    "early_response_classification_metrics": {
        "accuracy": 0.7073170731707317,
        "precision": 0.4,
        "recall": 0.08695652173913043,
        "specificity": 0.9491525423728814,
        "f1_score": 0.14285714285714285,
        "roc_auc": 0.56963890935888
    },
    "best_checkpoint": "Results/mil_shape_boundary_firstorder_glcm_glszm_glrlm/fold_3/checkpoints/best.ckpt",
    "used_features": [
        "shape",
        "boundary",
        "firstorder",
        "glcm",
        "glszm_glrlm"
    ],
    "overall_survival": {
        "y_true": [
            1,
            1,
            0,
            1,
            1,
            1,
            1,
            0,
            1,
            0,
            1,
            1,
            1,
            1,
            0,
            1,
            1,
            1,
            1,
            0,
            0,
            1,
            1,
            1,
            0,
            1,
            0,
            0,
            1,
            0,
            0,
            1,
            0,
            1,
            1,
            1,
            0,
            1,
            0,
            1,
            0,
            1,
            0,
            1,
            1,
            0,
            1,
            0,
            1,
            0,
            0,
            1,
            1,
            1,
            1,
            0,
            0,
            0,
            0,
            1,
            1,
            1,
            1,
            1,
            0,
            1,
            0,
            0,
            0,
            0,
            1,
            1,
            0,
            1,
            0,
            0,
            1,
            0,
            1,
            1,
            1,
            0
        ],
        "y_pred": [
            0,
            1,
            0,
            0,
            0,
            1,
            0,
            0,
            0,
            0,
            0,
            0,
            0,
            0,
            0,
            0,
            1,
            0,
            0,
            0,
            0,
            0,
            0,
            0,
            0,
            0,
            0,
            0,
            0,
            0,
            0,
            0,
            1,
            0,
            0,
            0,
            0,
            0,
            0,
            0,
            0,
            0,
            0,
            1,
            1,
            0,
            1,
            0,
            0,
            1,
            0,
            0,
            0,
            0,
            1,
            1,
            0,
            0,
            0,
            0,
            0,
            0,
            1,
            0,
            0,
            0,
            0,
            0,
            0,
            0,
            0,
            1,
            0,
            0,
            0,
            0,
            1,
            1,
            0,
            0,
            0,
            0
        ],
        "y_prob": [
            0.38864994049072266,
            0.5710556507110596,
            0.4920772910118103,
            0.48486196994781494,
            0.41061830520629883,
            0.5344937443733215,
            0.39362654089927673,
            0.431804358959198,
            0.4219578504562378,
            0.4258711636066437,
            0.49171409010887146,
            0.39187559485435486,
            0.43059006333351135,
            0.3836212456226349,
            0.47707095742225647,
            0.4007219672203064,
            0.5288085341453552,
            0.45532554388046265,
            0.466214656829834,
            0.4084223210811615,
            0.47167617082595825,
            0.41593268513679504,
            0.43872135877609253,
            0.3420460820198059,
            0.48904016613960266,
            0.3930840790271759,
            0.4911459684371948,
            0.3899519443511963,
            0.44940003752708435,
            0.46651747822761536,
            0.3811732530593872,
            0.4567951261997223,
            0.5003973841667175,
            0.4881541132926941,
            0.4637240469455719,
            0.46311160922050476,
            0.3997514843940735,
            0.44266441464424133,
            0.39824360609054565,
            0.4582699239253998,
            0.3976704478263855,
            0.47891131043434143,
            0.44335082173347473,
            0.5524818897247314,
            0.5057961940765381,
            0.44547536969184875,
            0.5230730175971985,
            0.42965519428253174,
            0.3969295620918274,
            0.504752516746521,
            0.48463836312294006,
            0.43485167622566223,
            0.41331714391708374,
            0.4256722331047058,
            0.5100192427635193,
            0.5312389135360718,
            0.39883020520210266,
            0.46628260612487793,
            0.43607762455940247,
            0.43463134765625,
            0.4204588234424591,
            0.4919077157974243,
            0.5033071041107178,
            0.3743027150630951,
            0.4302792251110077,
            0.4093678891658783,
            0.4029659926891327,
            0.3967253267765045,
            0.382560670375824,
            0.44155704975128174,
            0.43938207626342773,
            0.5073087215423584,
            0.49307483434677124,
            0.3916981816291809,
            0.49826812744140625,
            0.40053120255470276,
            0.5121440291404724,
            0.5442175269126892,
            0.48767825961112976,
            0.4682794213294983,
            0.45925089716911316,
            0.39469000697135925
        ]
    },
    "early_response": {
        "y_true": [
            1,
            0,
            1,
            1,
            1,
            0,
            1,
            0,
            0,
            1,
            0,
            0,
            0,
            1,
            0,
            0,
            0,
            0,
            1,
            0,
            0,
            0,
            0,
            1,
            0,
            0,
            0,
            0,
            0,
            0,
            0,
            1,
            0,
            0,
            0,
            1,
            1,
            0,
            0,
            0,
            0,
            0,
            0,
            1,
            0,
            0,
            0,
            0,
            0,
            1,
            0,
            1,
            0,
            0,
            1,
            0,
            0,
            0,
            0,
            0,
            0,
            0,
            0,
            0,
            1,
            1,
            1,
            0,
            1,
            0,
            0,
            0,
            0,
            1,
            0,
            0,
            0,
            0,
            0,
            1,
            1,
            0
        ],